<?xml version="1.0" encoding="UTF-8" ?>
<OpenSimDocument Version="30000">
	<InverseKinematicsTool name="Passive_Pref0005">
		<!--Directory used for writing results.-->
		<results_directory>./</results_directory>
		<!--Directory for input files-->
		<input_directory />
		<!--Name of the .osim file used to construct a model.-->
		<model_file>Unassigned</model_file>
		<!--A positive scalar that is used to weight the importance of satisfying constraints.A weighting of 'Infinity' or if it is unassigned results in the constraints being strictly enforced.-->
		<constraint_weight>Inf</constraint_weight>
		<!--The accuracy of the solution in absolute terms. I.e. the number of significantdigits to which the solution can be trusted.-->
		<accuracy>1e-005</accuracy>
		<!--Markers and coordinates to be considered (tasks) and their weightings.-->
		<IKTaskSet>
			<objects>
				<IKMarkerTask name="R_AC">
					<!--Whether or not this task will be used during inverse kinematics solve.-->
					<apply>true</apply>
					<!--Weight given to a marker or coordinate for solving inverse kinematics problems.-->
					<weight>3</weight>
				</IKMarkerTask>
				<IKMarkerTask name="L_AC">
					<!--Whether or not this task will be used during inverse kinematics solve.-->
					<apply>true</apply>
					<!--Weight given to a marker or coordinate for solving inverse kinematics problems.-->
					<weight>3</weight>
				</IKMarkerTask>
				<IKMarkerTask name="R_ASIS">
					<!--Whether or not this task will be used during inverse kinematics solve.-->
					<apply>true</apply>
					<!--Weight given to a marker or coordinate for solving inverse kinematics problems.-->
					<weight>10</weight>
				</IKMarkerTask>
				<IKMarkerTask name="L_ASIS">
					<!--Whether or not this task will be used during inverse kinematics solve.-->
					<apply>true</apply>
					<!--Weight given to a marker or coordinate for solving inverse kinematics problems.-->
					<weight>10</weight>
				</IKMarkerTask>
				<IKMarkerTask name="R_PSIS">
					<!--Whether or not this task will be used during inverse kinematics solve.-->
					<apply>true</apply>
					<!--Weight given to a marker or coordinate for solving inverse kinematics problems.-->
					<weight>10</weight>
				</IKMarkerTask>
				<IKMarkerTask name="L_PSIS">
					<!--Whether or not this task will be used during inverse kinematics solve.-->
					<apply>true</apply>
					<!--Weight given to a marker or coordinate for solving inverse kinematics problems.-->
					<weight>10</weight>
				</IKMarkerTask>
				<IKMarkerTask name="R_GT">
					<!--Whether or not this task will be used during inverse kinematics solve.-->
					<apply>false</apply>
					<!--Weight given to a marker or coordinate for solving inverse kinematics problems.-->
					<weight>1</weight>
				</IKMarkerTask>
				<IKMarkerTask name="L_GT">
					<!--Whether or not this task will be used during inverse kinematics solve.-->
					<apply>false</apply>
					<!--Weight given to a marker or coordinate for solving inverse kinematics problems.-->
					<weight>1</weight>
				</IKMarkerTask>
				<IKMarkerTask name="R_IC">
					<!--Whether or not this task will be used during inverse kinematics solve.-->
					<apply>false</apply>
					<!--Weight given to a marker or coordinate for solving inverse kinematics problems.-->
					<weight>1</weight>
				</IKMarkerTask>
				<IKMarkerTask name="SACRAL">
					<!--Whether or not this task will be used during inverse kinematics solve.-->
					<apply>false</apply>
					<!--Weight given to a marker or coordinate for solving inverse kinematics problems.-->
					<weight>1</weight>
				</IKMarkerTask>
				<IKMarkerTask name="R_THIGH_PROX_POST">
					<!--Whether or not this task will be used during inverse kinematics solve.-->
					<apply>true</apply>
					<!--Weight given to a marker or coordinate for solving inverse kinematics problems.-->
					<weight>20</weight>
				</IKMarkerTask>
				<IKMarkerTask name="R_THIGH_PROX_ANT">
					<!--Whether or not this task will be used during inverse kinematics solve.-->
					<apply>true</apply>
					<!--Weight given to a marker or coordinate for solving inverse kinematics problems.-->
					<weight>20</weight>
				</IKMarkerTask>
				<IKMarkerTask name="R_THIGH_DIST_ANT">
					<!--Whether or not this task will be used during inverse kinematics solve.-->
					<apply>true</apply>
					<!--Weight given to a marker or coordinate for solving inverse kinematics problems.-->
					<weight>20</weight>
				</IKMarkerTask>
				<IKMarkerTask name="R_THIGH_DIST_POST">
					<!--Whether or not this task will be used during inverse kinematics solve.-->
					<apply>true</apply>
					<!--Weight given to a marker or coordinate for solving inverse kinematics problems.-->
					<weight>20</weight>
				</IKMarkerTask>
				<IKMarkerTask name="R_LAT_KNEE">
					<!--Whether or not this task will be used during inverse kinematics solve.-->
					<apply>false</apply>
					<!--Weight given to a marker or coordinate for solving inverse kinematics problems.-->
					<weight>1</weight>
				</IKMarkerTask>
				<IKMarkerTask name="R_MED_KNEE">
					<!--Whether or not this task will be used during inverse kinematics solve.-->
					<apply>false</apply>
					<!--Weight given to a marker or coordinate for solving inverse kinematics problems.-->
					<weight>1</weight>
				</IKMarkerTask>
				<IKMarkerTask name="R_SHANK_PROX_ANT">
					<!--Whether or not this task will be used during inverse kinematics solve.-->
					<apply>true</apply>
					<!--Weight given to a marker or coordinate for solving inverse kinematics problems.-->
					<weight>20</weight>
				</IKMarkerTask>
				<IKMarkerTask name="R_SHANK_PROX_POST">
					<!--Whether or not this task will be used during inverse kinematics solve.-->
					<apply>true</apply>
					<!--Weight given to a marker or coordinate for solving inverse kinematics problems.-->
					<weight>20</weight>
				</IKMarkerTask>
				<IKMarkerTask name="R_SHANK_DIST_POST">
					<!--Whether or not this task will be used during inverse kinematics solve.-->
					<apply>true</apply>
					<!--Weight given to a marker or coordinate for solving inverse kinematics problems.-->
					<weight>20</weight>
				</IKMarkerTask>
				<IKMarkerTask name="R_SHANK_DIST_ANT">
					<!--Whether or not this task will be used during inverse kinematics solve.-->
					<apply>true</apply>
					<!--Weight given to a marker or coordinate for solving inverse kinematics problems.-->
					<weight>20</weight>
				</IKMarkerTask>
				<IKMarkerTask name="R_LAT_ANK">
					<!--Whether or not this task will be used during inverse kinematics solve.-->
					<apply>false</apply>
					<!--Weight given to a marker or coordinate for solving inverse kinematics problems.-->
					<weight>1</weight>
				</IKMarkerTask>
				<IKMarkerTask name="R_MED_ANK">
					<!--Whether or not this task will be used during inverse kinematics solve.-->
					<apply>false</apply>
					<!--Weight given to a marker or coordinate for solving inverse kinematics problems.-->
					<weight>1</weight>
				</IKMarkerTask>
				<IKMarkerTask name="R_HEEL_SUP">
					<!--Whether or not this task will be used during inverse kinematics solve.-->
					<apply>true</apply>
					<!--Weight given to a marker or coordinate for solving inverse kinematics problems.-->
					<weight>10</weight>
				</IKMarkerTask>
				<IKMarkerTask name="R_HEEL_MED">
					<!--Whether or not this task will be used during inverse kinematics solve.-->
					<apply>true</apply>
					<!--Weight given to a marker or coordinate for solving inverse kinematics problems.-->
					<weight>10</weight>
				</IKMarkerTask>
				<IKMarkerTask name="R_HEEL_LAT">
					<!--Whether or not this task will be used during inverse kinematics solve.-->
					<apply>true</apply>
					<!--Weight given to a marker or coordinate for solving inverse kinematics problems.-->
					<weight>10</weight>
				</IKMarkerTask>
				<IKMarkerTask name="R_TOE">
					<!--Whether or not this task will be used during inverse kinematics solve.-->
					<apply>true</apply>
					<!--Weight given to a marker or coordinate for solving inverse kinematics problems.-->
					<weight>5</weight>
				</IKMarkerTask>
				<IKMarkerTask name="L_THIGH_PROX_POST">
					<!--Whether or not this task will be used during inverse kinematics solve.-->
					<apply>true</apply>
					<!--Weight given to a marker or coordinate for solving inverse kinematics problems.-->
					<weight>20</weight>
				</IKMarkerTask>
				<IKMarkerTask name="L_THIGH_PROX_ANT">
					<!--Whether or not this task will be used during inverse kinematics solve.-->
					<apply>true</apply>
					<!--Weight given to a marker or coordinate for solving inverse kinematics problems.-->
					<weight>20</weight>
				</IKMarkerTask>
				<IKMarkerTask name="L_THIGH_DIST_ANT">
					<!--Whether or not this task will be used during inverse kinematics solve.-->
					<apply>true</apply>
					<!--Weight given to a marker or coordinate for solving inverse kinematics problems.-->
					<weight>20</weight>
				</IKMarkerTask>
				<IKMarkerTask name="L_THIGH_DIST_POST">
					<!--Whether or not this task will be used during inverse kinematics solve.-->
					<apply>true</apply>
					<!--Weight given to a marker or coordinate for solving inverse kinematics problems.-->
					<weight>20</weight>
				</IKMarkerTask>
				<IKMarkerTask name="L_LAT_KNEE">
					<!--Whether or not this task will be used during inverse kinematics solve.-->
					<apply>true</apply>
					<!--Weight given to a marker or coordinate for solving inverse kinematics problems.-->
					<weight>20</weight>
				</IKMarkerTask>
				<IKMarkerTask name="L_MED_KNEE">
					<!--Whether or not this task will be used during inverse kinematics solve.-->
					<apply>true</apply>
					<!--Weight given to a marker or coordinate for solving inverse kinematics problems.-->
					<weight>20</weight>
				</IKMarkerTask>
				<IKMarkerTask name="L_SHANK_PROX_POST">
					<!--Whether or not this task will be used during inverse kinematics solve.-->
					<apply>true</apply>
					<!--Weight given to a marker or coordinate for solving inverse kinematics problems.-->
					<weight>20</weight>
				</IKMarkerTask>
				<IKMarkerTask name="L_SHANK_PROX_ANT">
					<!--Whether or not this task will be used during inverse kinematics solve.-->
					<apply>true</apply>
					<!--Weight given to a marker or coordinate for solving inverse kinematics problems.-->
					<weight>20</weight>
				</IKMarkerTask>
				<IKMarkerTask name="L_SHANK_DIST_ANT">
					<!--Whether or not this task will be used during inverse kinematics solve.-->
					<apply>true</apply>
					<!--Weight given to a marker or coordinate for solving inverse kinematics problems.-->
					<weight>20</weight>
				</IKMarkerTask>
				<IKMarkerTask name="L_SHANK_DIST_POST">
					<!--Whether or not this task will be used during inverse kinematics solve.-->
					<apply>true</apply>
					<!--Weight given to a marker or coordinate for solving inverse kinematics problems.-->
					<weight>20</weight>
				</IKMarkerTask>
				<IKMarkerTask name="L_LAT_ANK">
					<!--Whether or not this task will be used during inverse kinematics solve.-->
					<apply>false</apply>
					<!--Weight given to a marker or coordinate for solving inverse kinematics problems.-->
					<weight>1</weight>
				</IKMarkerTask>
				<IKMarkerTask name="L_MED_ANK">
					<!--Whether or not this task will be used during inverse kinematics solve.-->
					<apply>false</apply>
					<!--Weight given to a marker or coordinate for solving inverse kinematics problems.-->
					<weight>1</weight>
				</IKMarkerTask>
				<IKMarkerTask name="L_HEEL_SUP">
					<!--Whether or not this task will be used during inverse kinematics solve.-->
					<apply>true</apply>
					<!--Weight given to a marker or coordinate for solving inverse kinematics problems.-->
					<weight>10</weight>
				</IKMarkerTask>
				<IKMarkerTask name="L_HEEL_MED">
					<!--Whether or not this task will be used during inverse kinematics solve.-->
					<apply>true</apply>
					<!--Weight given to a marker or coordinate for solving inverse kinematics problems.-->
					<weight>10</weight>
				</IKMarkerTask>
				<IKMarkerTask name="L_HEEL_LAT">
					<!--Whether or not this task will be used during inverse kinematics solve.-->
					<apply>true</apply>
					<!--Weight given to a marker or coordinate for solving inverse kinematics problems.-->
					<weight>10</weight>
				</IKMarkerTask>
				<IKMarkerTask name="L_TOE">
					<!--Whether or not this task will be used during inverse kinematics solve.-->
					<apply>true</apply>
					<!--Weight given to a marker or coordinate for solving inverse kinematics problems.-->
					<weight>5</weight>
				</IKMarkerTask>
				<IKMarkerTask name="R_1ST_MET">
					<!--Whether or not this task will be used during inverse kinematics solve.-->
					<apply>true</apply>
					<!--Weight given to a marker or coordinate for solving inverse kinematics problems.-->
					<weight>5</weight>
				</IKMarkerTask>
				<IKMarkerTask name="R_5TH_MET">
					<!--Whether or not this task will be used during inverse kinematics solve.-->
					<apply>true</apply>
					<!--Weight given to a marker or coordinate for solving inverse kinematics problems.-->
					<weight>5</weight>
				</IKMarkerTask>
				<IKMarkerTask name="L_1ST_MET">
					<!--Whether or not this task will be used during inverse kinematics solve.-->
					<apply>true</apply>
					<!--Weight given to a marker or coordinate for solving inverse kinematics problems.-->
					<weight>5</weight>
				</IKMarkerTask>
				<IKMarkerTask name="L_5TH_MET">
					<!--Whether or not this task will be used during inverse kinematics solve.-->
					<apply>true</apply>
					<!--Weight given to a marker or coordinate for solving inverse kinematics problems.-->
					<weight>5</weight>
				</IKMarkerTask>
				<IKMarkerTask name="HEAD">
					<!--Whether or not this task will be used during inverse kinematics solve.-->
					<apply>false</apply>
					<!--Weight given to a marker or coordinate for solving inverse kinematics problems.-->
					<weight>1</weight>
				</IKMarkerTask>
				<IKMarkerTask name="STERN">
					<!--Whether or not this task will be used during inverse kinematics solve.-->
					<apply>true</apply>
					<!--Weight given to a marker or coordinate for solving inverse kinematics problems.-->
					<weight>3</weight>
				</IKMarkerTask>
				<IKMarkerTask name="C7">
					<!--Whether or not this task will be used during inverse kinematics solve.-->
					<apply>true</apply>
					<!--Weight given to a marker or coordinate for solving inverse kinematics problems.-->
					<weight>20</weight>
				</IKMarkerTask>
				<IKMarkerTask name="PROS_LAT_POST">
					<!--Whether or not this task will be used during inverse kinematics solve.-->
					<apply>true</apply>
					<!--Weight given to a marker or coordinate for solving inverse kinematics problems.-->
					<weight>20</weight>
				</IKMarkerTask>
				<IKMarkerTask name="PROS_MED_POST">
					<!--Whether or not this task will be used during inverse kinematics solve.-->
					<apply>false</apply>
					<!--Weight given to a marker or coordinate for solving inverse kinematics problems.-->
					<weight>20</weight>
				</IKMarkerTask>
				<IKMarkerTask name="PROS_LAT_ANT">
					<!--Whether or not this task will be used during inverse kinematics solve.-->
					<apply>true</apply>
					<!--Weight given to a marker or coordinate for solving inverse kinematics problems.-->
					<weight>20</weight>
				</IKMarkerTask>
				<IKMarkerTask name="PROS_MED_ANT">
					<!--Whether or not this task will be used during inverse kinematics solve.-->
					<apply>true</apply>
					<!--Weight given to a marker or coordinate for solving inverse kinematics problems.-->
					<weight>20</weight>
				</IKMarkerTask>
			</objects>
			<groups />
		</IKTaskSet>
		<!--TRC file (.trc) containing the time history of observations of marker positions.-->
		<marker_file>C:\Users\Andrew\Google Drive\MRRL\OpenSim Project\OpenSim Shared Drive\UMass OSMTK 1.0\DataProcessingExample\TRC_MarkerData\Passive\Passive_Pref0005.trc</marker_file>
		<!--The name of the storage (.sto or .mot) file containing coordinate observations.Coordinate values from this file are included if there is a corresponding coordinate task. -->
		<coordinate_file>Unassigned</coordinate_file>
		<!--Time range over which the inverse kinematics problem is solved.-->
		<time_range> 0 1.2667</time_range>
		<!--Flag (true or false) indicating whether or not to report marker errors from the inverse kinematics solution.-->
		<report_errors>true</report_errors>
		<!--Name of the motion file (.mot) to which the results should be written.-->
		<output_motion_file>C:\Users\Andrew\Google Drive\MRRL\OpenSim Project\OpenSim Shared Drive\UMass OSMTK 1.0\DataProcessingExample\IK\Results\Passive\\Passive_Pref0005_ik.mot</output_motion_file>
		<!--Flag indicating whether or not to report model marker locations in ground.-->
		<report_marker_locations>false</report_marker_locations>
	</InverseKinematicsTool>
</OpenSimDocument>
